\c hospital_mgmt_sys;

INSERT INTO department VALUES('HMSA009988', 'DEPARTMENT-A', 'HMSD004544');
INSERT INTO department VALUES('HMSA008877', 'DEPARTMENT-B', 'HMSD003331');
INSERT INTO department VALUES('HMSA007766', 'DEPARTMENT-C', 'HMSD007000');
INSERT INTO department VALUES('HMSA006655', 'DEPARTMENT-D', 'HMSD005505');
INSERT INTO department VALUES('HMSA005544', 'DEPARTMENT-E', 'HMSD008688');
INSERT INTO department VALUES('HMSA002200', 'DEPARTMENT-F', 'HMSD009949');
INSERT INTO department VALUES('HMSA003311', 'DEPARTMENT-G', 'HMSD006667');
INSERT INTO department VALUES('HMSA004499', 'DEPARTMENT-H', 'HMSD001711');


INSERT INTO employee VALUES('HMSD003394', 'Christ Paul', 'DOCTOR', 'HMSA007766', '1975-02-03', '45 Malibu', 'cp@host.com', '2012-06-10');
INSERT INTO employee VALUES('HMSD003331', 'Mary Watson', 'DOCTOR', 'HMSA008877', '1980-11-27', '19 Texas', 'mw@host.com', '2014-07-09');
INSERT INTO employee VALUES('HMSD007752', 'Nancy Lee', 'DOCTOR', 'HMSA005544', '1990-05-22', '78 Melbourne', 'nl@host.com', '2015-05-29');
INSERT INTO employee VALUES('HMSD005505', 'Juan Carlos', 'DOCTOR', 'HMSA006655', '1975-06-13', '55 Washington', 'jc@host.com', '2002-02-20');
INSERT INTO employee VALUES('HMSD007000', 'David Smith', 'DOCTOR', 'HMSA007766', '1985-09-11', '67 Tucson', 'ds@host.com', '2010-12-01');
INSERT INTO employee VALUES('HMSD008688', 'Sarah Lopez', 'DOCTOR', 'HMSA005544', '1984-04-17', '83 Roseville', 'sl@host.com', '2011-02-21');
INSERT INTO employee VALUES('HMSD004544', 'William Browns', 'DOCTOR', 'HMSA009988', '1970-08-01', '18 NewYork', 'wb@host.com', '2000-06-06');
INSERT INTO employee VALUES('HMSD009921', 'Sheila Adams', 'DOCTOR', 'HMSA007766', '1990-01-20', '34 Lynchburg', 'sa@host.com', '2013-08-12');
INSERT INTO employee VALUES('HMSD006667', 'Robert Quil', 'DOCTOR', 'HMSA003311', '1980-05-06', '22 Stanford', 'rq@host.com', '2011-07-01');
INSERT INTO employee VALUES('HMSD009949', 'Grefield Mack', 'DOCTOR', 'HMSA002200', '1975-12-14', '97 Greenville', 'gm@host.com', '2007-12-01');
INSERT INTO employee VALUES('HMSD001711', 'Matthew Joe', 'DOCTOR', 'HMSA004499', '1985-06-17', '61 Virginia', 'mj@host.com', '2009-11-01');
INSERT INTO employee VALUES('HMSN003626', 'Hannah McQueen', 'NURSE', 'HMSA006655', '1992-04-01', '12 Utah', 'hm@host.com', '2016-05-11');
INSERT INTO employee VALUES('HMSN004233', 'Gamelia Knee', 'NURSE', 'HMSA009988', '1993-07-18', '99 Mississipi', 'gk@host.com', '2014-11-11');
INSERT INTO employee VALUES('HMSN001133', 'Maria Johnson', 'NURSE', 'HMSA008877', '1988-10-01', '57 Avenue', 'mj@host.com', '2013-11-01');
INSERT INTO employee VALUES('HMSN007512', 'Aaron Hawkins', 'NURSE', 'HMSA007766', '1986-07-22', '83 Woodruff', 'ah@host.com', '2012-06-07');
INSERT INTO employee VALUES('HMSN006179', 'Davis Patrick', 'NURSE', 'HMSA005544', '1993-01-02', '77 Ohio', 'dp@host.com', '2017-01-24');
INSERT INTO employee VALUES('HMSN007542', 'Shirley Scott', 'NURSE', 'HMSA003311', '1980-07-04', '39 Bristol', 'ss@host.com', '2015-06-09');
INSERT INTO employee VALUES('HMSN001455', 'Martha Tyler', 'NURSE', 'HMSA002200', '1985-03-14', '40 Fairview', 'mt@host.com', '2006-09-04');
INSERT INTO employee VALUES('HMSN005216', 'Aaron Douglas', 'NURSE', 'HMSA004499', '1987-06-27', '28 Georgetown', 'ad@host.com', '2017-02-02');


INSERT INTO test VALUES('HMST005678', 'TEST-A1', 5000);
INSERT INTO test VALUES('HMST002468', 'TEST-B2', 3000);
INSERT INTO test VALUES('HMST001357', 'TEST-C3', 6500);
INSERT INTO test VALUES('HMST004567', 'TEST-D4', 500);
INSERT INTO test VALUES('HMST007654', 'TEST-E5', 1000);
INSERT INTO test VALUES('HMST009999', 'TEST-F6', 8000);
INSERT INTO test VALUES('HMST008129', 'TEST-G7', 7000);
INSERT INTO test VALUES('HMST001587', 'TEST-H8', 900);


INSERT INTO doctor VALUES('HMSD003394', 'HMSA007766', 'MBBS', 'YES');
INSERT INTO doctor VALUES('HMSD003331', 'HMSA008877', 'PhD', 'NO');
INSERT INTO doctor VALUES('HMSD007752', 'HMSA005544', 'MS', 'YES');
INSERT INTO doctor VALUES('HMSD005505', 'HMSA006655', 'DCM', 'YES');
INSERT INTO doctor VALUES('HMSD007000', 'HMSA007766', 'DS', 'YES');
INSERT INTO doctor VALUES('HMSD008688', 'HMSA005544', 'MPhil', 'NO');
INSERT INTO doctor VALUES('HMSD004544', 'HMSA009988', 'MSc', 'YES');
INSERT INTO doctor VALUES('HMSD009921', 'HMSA007766', 'DM', 'YES');
INSERT INTO doctor VALUES('HMSD006667', 'HMSA003311', 'MS', 'YES');
INSERT INTO doctor VALUES('HMSD009949', 'HMSA002200', 'MSc', 'YES');
INSERT INTO doctor VALUES('HMSD001711', 'HMSA004499', 'DCM', 'NO');


INSERT INTO nurse VALUES('HMSN004233', 'HMSA009988', 'Morning');
INSERT INTO nurse VALUES('HMSN003626', 'HMSA006655', 'Afternoon');
INSERT INTO nurse VALUES('HMSN001133', 'HMSA008877', 'Morning');
INSERT INTO nurse VALUES('HMSN007512', 'HMSA008877', 'Night');
INSERT INTO nurse VALUES('HMSN006179', 'HMSA006655', 'Afternoon');
INSERT INTO nurse VALUES('HMSN007542', 'HMSA003311', 'Morning');
INSERT INTO nurse VALUES('HMSN001455', 'HMSA002200', 'Night');--\/NOT AVAILABLE
INSERT INTO nurse VALUES('HMSN005216', 'HMSA004499', 'Night');


INSERT INTO patient VALUES('HMSP001111', 'Bertha Riggs', 'HMSD003394', 'HMST004567', 'F', '2000-02-03', '36 Visalia', '7788996633', 'O-', 'brs@post.com');--op
INSERT INTO patient VALUES('HMSP007777', 'Sonya Jordan', 'HMSD004544', 'HMST001357', 'F', '1990-05-04', '70 Beaumont', '2255887766', 'O+', 'sjn@post.com');--ip
INSERT INTO patient VALUES('HMSP002222', 'Raymond Levy', 'HMSD009921', 'HMST007654', 'M', '1999-10-10', '88 Mexico', '4477885523', 'AB-', 'rly@post.com');--op
INSERT INTO patient VALUES('HMSP005555', 'Daniel Bernard', 'HMSD007752', 'HMST002468', 'M', '1980-03-29', '35 Fremont', '5566787963', 'B+', 'dbd@post.com');--ip
INSERT INTO patient VALUES('HMSP008888', 'Katelyn Cooper', 'HMSD005505', 'HMST005678', 'F', '1978-12-22', '47 Colorado', '7854158934', 'A-', 'kcr@post.com');--ip
INSERT INTO patient VALUES('HMSP003333', 'Nehru Holmes', 'HMSD007000', 'HMST004567', 'M', '1995-05-17', '61 Oklahoma', '7287684346', 'AB+', 'nhs@post.com');--op
INSERT INTO patient VALUES('HMSP009999', 'Kim Koch', 'HMSD009921', 'HMST004567', 'M', '2005-07-09', '71 Pennsylvania', '8742782169', 'B-', 'kkh@post.com');--op
INSERT INTO patient VALUES('HMSP006666', 'Ina Burt', 'HMSD004544', 'HMST005678', 'F', '1996-04-02', '19 Carolina', '7456982143', 'A+', 'ibt@post.com');--ip
INSERT INTO patient VALUES('HMSP004444', 'Dale Griffin', 'HMSD003394', 'HMST002468', 'M', '1979-09-01', '97 Louisiana', '9541235874', 'A+', 'dgn@post.com');--ip
INSERT INTO patient VALUES('HMSP001010', 'Dante Bennett', 'HMSD005505', 'HMST009999', 'M', '1977-06-19', '17 Maryland', '7458962148', 'AB+', 'dbt@post.com');--ip
INSERT INTO patient VALUES('HMSP007373', 'Scott Ryan', 'HMSD004544', 'HMST001587', 'M', '1991-04-23', '10 Arizona', '8128413188', 'O+', 'srn@post.com');--op\/
INSERT INTO patient VALUES('HMSP008855', 'Russell Dean', 'HMSD006667', 'HMST009999', 'M', '1975-07-09', '39 Florida', '8787658152', 'A+', 'rdn@post.com');--ip\/
INSERT INTO patient VALUES('HMSP001122', 'Kelly Howe', 'HMSD005505', 'HMST004567', 'F', '1999-01-10', '49 Utah', '9897545214', 'AB-', 'khe@post.com');--op\/
INSERT INTO patient VALUES('HMSP002200', 'Cook Duncan', 'HMSD009949', 'HMST002468', 'M', '2000-07-04', '15 Vancouver', '7874545211', 'B-', 'cdn@post.com');--ip\/
INSERT INTO patient VALUES('HMSP003377', 'Ellis Holt', 'HMSD007752', 'HMST001587', 'F', '1975-12-31', '77 Delaware', '6589468281', 'A-', 'eht@post.com');--op\/
INSERT INTO patient VALUES('HMSP009911', 'Ross Bros', 'HMSD003394', 'HMST004567', 'M', '1988-08-22', '90 Idaho', '7542153844', 'O+', 'rbs@post.com');--op\/
INSERT INTO patient VALUES('HMSP004477', 'Edna Harp', 'HMSD006667', 'HMST001357', 'F', '1979-06-11', '23 Illinois', '9999974414', 'AB+', 'ehp@post.com');--ip\/
INSERT INTO patient VALUES('HMSP006655', 'Calvin Fields', 'HMSD004544', 'HMST007654', 'M', '2005-04-19', '41 Iowa', '9875452310', 'O-', 'cfs@post.com');--op\/
INSERT INTO patient VALUES('HMSP007722', 'Lucy Cruz', 'HMSD007000', 'HMST005678', 'F', '1982-02-14', '80 Maine', '8700000589', 'A+', 'lcz@post.com');--ip\/
INSERT INTO patient VALUES('HMSP005533', 'Wray  Wicks', 'HMSD009949', 'HMST008129', 'M', '1965-11-06', '27 Missouri', '8862009500', 'A+', 'wws@post.com');--ip\/


INSERT INTO out_patient VALUES('HMSP002222', '2018-03-01', 'HMST007654', 'Measles');
INSERT INTO out_patient VALUES('HMSP003333', '2018-02-26', 'HMST004567', 'Fever');
INSERT INTO out_patient VALUES('HMSP001111', '2018-03-15', 'HMST004567', 'Flu');
INSERT INTO out_patient VALUES('HMSP009999', '2018-01-31', 'HMST004567', 'ToothAche');
INSERT INTO out_patient VALUES('HMSP003377', '2018-03-12', 'HMST001587', 'Fever');--\/
INSERT INTO out_patient VALUES('HMSP006655', '2018-02-10', 'HMST007654', 'Rabies');--\/
INSERT INTO out_patient VALUES('HMSP007373', '2018-04-05', 'HMST001587', 'Acne');--\/
INSERT INTO out_patient VALUES('HMSP001122', '2018-01-20', 'HMST004567', 'Flu');--\/
INSERT INTO out_patient VALUES('HMSP009911', '2018-04-10', 'HMST004567', 'Allergy');--\/


INSERT INTO in_patient VALUES('HMSP004444', 'HMST002468', 'HMSN007512', '2018-01-17', '2018-01-21', 'Typhoid');
INSERT INTO in_patient VALUES('HMSP008888', 'HMST005678', 'HMSN004233', '2018-03-05', '2018-03-11', 'Tuberculosis');
INSERT INTO in_patient VALUES('HMSP001010', 'HMST009999', 'HMSN003626', '2018-03-15', NULL, 'Dengue');
INSERT INTO in_patient VALUES('HMSP005555', 'HMST002468', 'HMSN001133', '2018-02-07', '2018-02-10', 'Malaria');
INSERT INTO in_patient VALUES('HMSP007777', 'HMST001357', 'HMSN006179', '2018-01-26', '2018-02-10', 'Alzheimer');
INSERT INTO in_patient VALUES('HMSP006666', 'HMST005678', 'HMSN004233', '2018-03-25', '2018-03-30', 'Jaundice');
INSERT INTO in_patient VALUES('HMSP008855', 'HMST009999', 'HMSN007542', '2018-01-26', '2018-02-17', 'Dengue');--\/
INSERT INTO in_patient VALUES('HMSP002200', 'HMST002468', 'HMSN005216', '2018-04-02', '2018-04-12', 'Diabetes');--\/
INSERT INTO in_patient VALUES('HMSP004477', 'HMST001357', 'HMSN003626', '2018-02-14', '2018-02-22', 'Cirrhosis');--\/
INSERT INTO in_patient VALUES('HMSP007722', 'HMST005678', 'HMSN007542', '2018-03-07', '2018-03-20', 'Tuberculosis');--\/
INSERT INTO in_patient VALUES('HMSP005533', 'HMST008129', 'HMSN005216', '2018-03-31', NULL, 'Cholera');--\/


INSERT INTO medicine VALUES('HMSM005555', 'MEDICINE-M1', 250);
INSERT INTO medicine VALUES('HMSM004444', 'MEDICINE-M2', 500);
INSERT INTO medicine VALUES('HMSM001111', 'MEDICINE-M3', 750);
INSERT INTO medicine VALUES('HMSM002222', 'MEDICINE-M4', 1000);
INSERT INTO medicine VALUES('HMSM007777', 'MEDICINE-M5', 1500);
INSERT INTO medicine VALUES('HMSM009999', 'MEDICINE-M6', 2000);
INSERT INTO medicine VALUES('HMSM006666', 'MEDICINE-M8', 2500);
INSERT INTO medicine VALUES('HMSM008888', 'MEDICINE-M7', 3000);
INSERT INTO medicine VALUES('HMSM003333', 'MEDICINE-M9', 5000);
INSERT INTO medicine VALUES('HMSM000000', 'MEDICINE-M0', 25000);


ALTER TABLE takes ADD PRIMARY KEY(pat_id, med_id);
INSERT INTO takes VALUES('HMSP001111', 'HMSM005555');
INSERT INTO takes VALUES('HMSP007777', 'HMSM009999');
INSERT INTO takes VALUES('HMSP002222', 'HMSM004444');
INSERT INTO takes VALUES('HMSP005555', 'HMSM002222');
INSERT INTO takes VALUES('HMSP008888', 'HMSM006666');
INSERT INTO takes VALUES('HMSP003333', 'HMSM005555');
INSERT INTO takes VALUES('HMSP009999', 'HMSM004444');
INSERT INTO takes VALUES('HMSP006666', 'HMSM007777');
INSERT INTO takes VALUES('HMSP004444', 'HMSM002222');
INSERT INTO takes VALUES('HMSP001010', 'HMSM003333');
INSERT INTO takes VALUES('HMSP009911', 'HMSM001111');
INSERT INTO takes VALUES('HMSP001122', 'HMSM005555');
INSERT INTO takes VALUES('HMSP002200', 'HMSM003333');
INSERT INTO takes VALUES('HMSP003377', 'HMSM004444');
INSERT INTO takes VALUES('HMSP005533', 'HMSM000000');
INSERT INTO takes VALUES('HMSP007722', 'HMSM008888');
INSERT INTO takes VALUES('HMSP007373', 'HMSM007777');
INSERT INTO takes VALUES('HMSP006655', 'HMSM002222');
INSERT INTO takes VALUES('HMSP004477', 'HMSM006666');
INSERT INTO takes VALUES('HMSP008855', 'HMSM003333');



INSERT INTO room VALUES('HSMR001001', 'Normal', 1200);
INSERT INTO room VALUES('HSMR001002', 'Normal', 1200);
INSERT INTO room VALUES('HSMR001003', 'Normal', 1200);
INSERT INTO room VALUES('HSMR001004', 'Normal', 1200);
INSERT INTO room VALUES('HSMR001005', 'Normal', 1200);--occ
INSERT INTO room VALUES('HSMR002101', 'Semi-Deluxe', 2000);
INSERT INTO room VALUES('HSMR002102', 'Semi-Deluxe', 2000);--occ
INSERT INTO room VALUES('HSMR002103', 'Semi-Deluxe', 2000);
INSERT INTO room VALUES('HSMR002201', 'Deluxe', 3000);
INSERT INTO room VALUES('HSMR002202', 'Deluxe', 3000);--occ
INSERT INTO room VALUES('HSMR002203', 'Deluxe', 3000);
INSERT INTO room VALUES('HSMR003001', 'VIP', 5000);
INSERT INTO room VALUES('HSMR003002', 'VIP', 5000);--occ


INSERT INTO room_alloc VALUES('HSMR001001', 'HMSP004444');
INSERT INTO room_alloc VALUES('HSMR002101', 'HMSP008888');
INSERT INTO room_alloc VALUES('HSMR003001', 'HMSP001010');
INSERT INTO room_alloc VALUES('HSMR001002', 'HMSP005555');
INSERT INTO room_alloc VALUES('HSMR002201', 'HMSP007777');
INSERT INTO room_alloc VALUES('HSMR001003', 'HMSP006666');
INSERT INTO room_alloc VALUES('HSMR002102', 'HMSP008855');
INSERT INTO room_alloc VALUES('HSMR001005', 'HMSP007722');
INSERT INTO room_alloc VALUES('HSMR003002', 'HMSP004477');
INSERT INTO room_alloc VALUES('HSMR001004', 'HMSP005533');
INSERT INTO room_alloc VALUES('HSMR002202', 'HMSP002200');


INSERT INTO bill VALUES('2018-03-01', 'HMSP002222', 1000, 500, 0, 150);
INSERT INTO bill VALUES('2018-02-26', 'HMSP003333', 500, 250, 0, 100);--fill
INSERT INTO bill VALUES('2018-03-15', 'HMSP001111', 500, 250, 0, 100);
INSERT INTO bill VALUES('2018-01-31', 'HMSP009999', 500, 500, 0, 100);
INSERT INTO bill VALUES('2018-03-12', 'HMSP003377', 900, 500, 0, 150);
INSERT INTO bill VALUES('2018-01-20', 'HMSP001122', 500, 250, 0, 100);
INSERT INTO bill VALUES('2018-04-05', 'HMSP007373', 900, 1500, 0, 100);
INSERT INTO bill VALUES('2018-04-10', 'HMSP009911', 500, 750, 0, 150);
INSERT INTO bill VALUES('2018-02-10', 'HMSP006655', 1000, 1000, 0, 200);
INSERT INTO bill VALUES('2018-01-21', 'HMSP004444', 3000, 1000, 1200, 200);
INSERT INTO bill VALUES('2018-03-11', 'HMSP008888', 5000, 2500, 2000, 300);
INSERT INTO bill VALUES(NULL, 'HMSP001010', 8000, 3000, 5000, 2000);
INSERT INTO bill VALUES('2018-02-10', 'HMSP005555', 3000, 1000, 1200, 250);
INSERT INTO bill VALUES('2018-02-10', 'HMSP007777', 6500, 2000, 3000, 450);
INSERT INTO bill VALUES('2018-03-30', 'HMSP006666', 5000, 1500, 1200, 400);
INSERT INTO bill VALUES('2018-02-17', 'HMSP008855', 8000, 5000, 2000, 500);
INSERT INTO bill VALUES('2018-03-20', 'HMSP007722', 5000,3000, 1200, 250);
INSERT INTO bill VALUES('2018-04-12', 'HMSP002200', 3000, 5000, 3000, 500);
INSERT INTO bill VALUES(NULL, 'HMSP005533', 7000, 25000, 1200, 2000);
INSERT INTO bill VALUES('2018-02-22', 'HMSP004477', 6500, 2500, 5000, 1000);


INSERT INTO relative VALUES('Pascale Putton', 'HMSP004444', 'Father', '7891677237');
INSERT INTO relative VALUES('Cleo Best', 'HMSP008888', 'Son', '8157123247');
INSERT INTO relative VALUES('Lyle Sutton', 'HMSP001010', 'Brother', '7425896154');
INSERT INTO relative VALUES('Tamara Howe', 'HMSP005555', 'Sister', '9987452163');
INSERT INTO relative VALUES('Ivor Higgins', 'HMSP007777', 'Spouse', '7785433201');
INSERT INTO relative VALUES('Emma Park', 'HMSP006666', 'Spouse', '9000250475');
INSERT INTO relative VALUES('Finch Bean', 'HMSP005533', 'Son', '7098950545');
INSERT INTO relative VALUES('Bailey Mar', 'HMSP008855', 'Daughter', '7890012410');
INSERT INTO relative VALUES('Edwing Brat', 'HMSP007722', 'Spouse', '9988044520');
INSERT INTO relative VALUES('Ramsey More', 'HMSP002200', 'Father', '8898986540');
INSERT INTO relative VALUES('Elliot  Roe', 'HMSP004477', 'Spouse', '6871720572');



SELECT * FROM department;
SELECT * FROM employee;
SELECT * FROM test;
SELECT * FROM doctor;
SELECT * FROM nurse;
SELECT * FROM patient;
SELECT * FROM out_patient;
SELECT * FROM in_patient;
SELECT * FROM medicine;
SELECT * FROM takes;
SELECT * FROM room;
SELECT * FROM room_alloc;
SELECT * FROM bill;
SELECT * FROM relative;
